{
  "project_info": {
    "project_number": "905916593402",
    "project_id": "lista-compra-79d21",
    "storage_bucket": "lista-compra-79d21.firebasestorage.app"
  },
  "client": [
    {
      "client_info": {
        "mobilesdk_app_id": "1:905916593402:android:4e694ec30b7d1197220543",
        "android_client_info": {
          "package_name": "Lista.compra"
        }
      },
      "oauth_client": [],
      "api_key": [
        {
          "current_key": "AIzaSyD79NXzQeCFYU27aUnA01w9QZAYl_jaxFE"
        }
      ],
      "services": {
        "appinvite_service": {
          "other_platform_oauth_client": []
        }
      }
    }
  ],
  "configuration_version": "1"
}